date,kwh
2023-01-01,185.2
2023-01-02,202.8
2023-01-03,164.1
2023-01-04,202.9
2023-01-05,201.2
2023-01-06,163.6
2023-01-07,174.5
2023-01-08,170.9
2023-01-09,183.1
2023-01-10,209.4
2023-01-11,189.6
2023-01-12,175.2
2023-01-13,167.9
2023-01-14,145.2
2023-01-15,179.6
2023-01-16,152.6
2023-01-17,202.4
2023-01-18,178.1
2023-01-19,194.7
2023-01-20,142.8
2023-01-21,154.0
2023-01-22,158.5
2023-01-23,212.5
2023-01-24,178.1
2023-01-25,220.0
2023-01-26,197.9
2023-01-27,154.5
2023-01-28,148.0
2023-01-29,138.3
2023-01-30,191.2
2023-01-31,204.3
2023-02-01,208.2
2023-02-02,206.6
2023-02-03,171.8
2023-02-04,169.2
2023-02-05,168.4
2023-02-06,207.8
2023-02-07,232.7
2023-02-08,198.7
2023-02-09,219.0
2023-02-10,118.4
2023-02-11,160.4
2023-02-12,161.9
2023-02-13,215.1
2023-02-14,183.3
2023-02-15,221.5
2023-02-16,208.6
2023-02-17,164.8
2023-02-18,166.0
2023-02-19,190.4
2023-02-22,189.2
2023-02-23,231.9
2023-02-24,188.3
2023-02-25,174.6
2023-02-26,204.1
2023-02-27,211.3
2023-02-28,267.6
2023-03-01,241.1
2023-03-02,247.4
2023-03-03,208.0
2023-03-04,213.2
2023-03-05,207.2
2023-03-06,222.9
2023-03-07,245.8
2023-03-08,223.6
2023-03-09,261.5
2023-03-10,195.6
2023-03-11,203.7
2023-03-12,206.0
2023-03-13,247.3
2023-03-14,240.6
2023-03-15,261.7
2023-03-16,244.2
2023-03-17,207.8
2023-03-18,203.2
2023-03-19,221.6
2023-03-20,247.9
2023-03-21,268.7
2023-03-22,268.3
2023-03-23,229.9
2023-03-24,211.2
2023-03-25,198.7
2023-03-26,229.9
2023-03-27,272.0
2023-03-28,269.6
2023-03-29,280.2
2023-03-30,278.7
2023-03-31,274.0
2023-04-01,225.2
2023-04-02,240.6
2023-04-03,263.7
2023-04-04,280.2
2023-04-05,320.2
2023-04-06,314.7
2023-04-07,238.2
2023-04-08,307.6
2023-04-09,271.9
2023-04-10,303.7
2023-04-11,275.6
2023-04-12,265.8
2023-04-13,304.0
2023-04-14,269.9
2023-04-15,266.5
2023-04-16,295.0
2023-04-17,270.7
2023-04-18,308.2
2023-04-19,310.6
2023-04-20,327.9
2023-04-21,302.0
2023-04-22,287.4
2023-04-23,296.6
2023-04-24,356.6
2023-04-25,363.7
2023-04-26,322.2
2023-04-27,329.2
2023-04-28,318.4
2023-04-29,300.0
2023-04-30,326.6
2023-05-01,306.1
2023-05-02,344.3
2023-05-03,340.6
2023-05-04,364.8
2023-05-05,310.0
2023-05-06,293.1
2023-05-07,310.2
2023-05-08,355.7
2023-05-09,364.4
2023-05-10,395.2
2023-05-11,382.2
2023-05-12,319.1
2023-05-13,316.4
2023-05-14,312.7
2023-05-15,343.0
2023-05-16,347.0
2023-05-17,384.5
2023-05-18,354.8
2023-05-19,373.0
2023-05-20,320.9
2023-05-21,326.1
2023-05-22,348.7
2023-05-23,399.1
2023-05-24,411.5
2023-05-25,377.3
2023-05-26,386.1
2023-05-27,357.0
2023-05-28,363.6
2023-05-29,405.7
2023-05-30,373.6
2023-05-31,415.7
2023-06-01,387.7
2023-06-02,365.3
2023-06-03,374.3
2023-06-04,376.9
2023-06-05,404.9
2023-06-06,443.8
2023-06-07,421.2
2023-06-08,409.9
2023-06-09,371.4
2023-06-10,419.6
2023-06-11,374.2
2023-06-12,432.5
2023-06-13,430.3
2023-06-14,426.1
2023-06-15,439.7
2023-06-16,402.7
2023-06-17,389.8
2023-06-18,411.6
2023-06-19,371.4
2023-06-20,449.3
2023-06-21,409.7
2023-06-22,442.9
2023-06-23,405.7
2023-06-24,402.1
2023-06-25,403.9
2023-06-26,411.3
2023-06-27,443.2
2023-06-28,434.4
2023-06-29,448.3
2023-06-30,399.2
2023-07-01,433.5
2023-07-02,394.2
2023-07-03,426.1
2023-07-04,457.8
2023-07-05,460.4
2023-07-06,442.0
2023-07-07,352.2
2023-07-08,434.3
2023-07-09,397.4
2023-07-10,450.2
2023-07-11,417.4
2023-07-12,443.8
2023-07-13,427.7
2023-07-14,400.1
2023-07-15,391.4
2023-07-16,381.6
2023-07-17,453.8
2023-07-18,450.0
2023-07-19,467.5
2023-07-21,428.8
2023-07-22,424.3
2023-07-23,407.5
2023-07-24,450.4
2023-07-25,444.3
2023-07-26,439.2
2023-07-27,420.0
2023-07-28,433.9
2023-07-29,394.3
2023-07-30,417.0
2023-07-31,446.7
2023-08-01,420.4
2023-08-02,456.9
2023-08-03,418.9
2023-08-04,388.7
2023-08-05,388.1
2023-08-06,406.1
2023-08-07,431.1
2023-08-08,432.8
2023-08-09,435.9
2023-08-10,396.1
2023-08-11,411.9
2023-08-12,390.6
2023-08-13,399.3
2023-08-14,466.1
2023-08-15,426.8
2023-08-16,463.0
2023-08-17,436.2
2023-08-18,392.9
2023-08-19,397.4
2023-08-20,423.1
2023-08-21,409.8
2023-08-22,440.6
2023-08-23,463.8
2023-08-24,421.5
2023-08-25,416.9
2023-08-26,360.8
2023-08-27,389.9
2023-08-28,412.8
2023-08-29,445.0
2023-08-30,446.8
2023-08-31,404.4
2023-09-01,377.7
2023-09-02,346.4
2023-09-03,385.4
2023-09-04,408.8
2023-09-05,381.3
2023-09-06,392.0
2023-09-07,401.2
2023-09-08,374.8
2023-09-09,398.1
2023-09-10,380.9
2023-09-11,402.0
2023-09-12,395.9
2023-09-13,405.1
2023-09-14,386.5
2023-09-15,379.5
2023-09-16,384.0
2023-09-17,359.0
2023-09-18,384.9
2023-09-19,421.6
2023-09-20,364.8
2023-09-21,392.7
2023-09-22,343.9
2023-09-23,336.2
2023-09-24,335.9
2023-09-25,402.9
2023-09-26,387.4
2023-09-27,371.8
2023-09-28,379.4
2023-09-29,312.2
2023-09-30,299.9
2023-10-01,343.9
2023-10-02,376.9
2023-10-03,368.3
2023-10-04,327.4
2023-10-05,346.3
2023-10-06,309.4
2023-10-07,331.3
2023-10-08,325.2
2023-10-09,359.7
2023-10-10,360.7
2023-10-11,367.7
2023-10-12,343.8
2023-10-13,298.9
2023-10-14,310.5
2023-10-15,293.9
2023-10-16,352.1
2023-10-17,316.6
2023-10-18,352.3
2023-10-19,342.1
2023-10-20,299.1
2023-10-21,310.9
2023-10-22,274.5
2023-10-23,313.4
2023-10-24,323.7
2023-10-25,307.8
2023-10-26,331.1
2023-10-27,282.9
2023-10-28,275.8
2023-10-29,284.2
2023-10-30,317.7
2023-10-31,284.0
2023-11-01,304.5
2023-11-02,330.4
2023-11-03,273.9
2023-11-04,270.4
2023-11-05,287.9
2023-11-06,334.1
2023-11-07,305.0
2023-11-08,263.9
2023-11-09,272.4
2023-11-10,226.0
2023-11-11,229.8
2023-11-12,264.4
2023-11-13,307.7
2023-11-14,277.4
2023-11-15,305.5
2023-11-16,316.7
2023-11-17,239.0
2023-11-18,217.2
2023-11-19,226.9
2023-11-20,278.4
2023-11-21,256.8
2023-11-22,272.7
2023-11-23,270.1
2023-11-24,227.7
2023-11-25,214.2
2023-11-26,221.1
2023-11-27,228.8
2023-11-28,288.7
2023-11-29,263.5
2023-11-30,232.8
2023-12-01,195.8
2023-12-02,206.1
2023-12-03,234.3
2023-12-04,269.4
2023-12-05,234.3
2023-12-06,221.4
2023-12-07,240.8
2023-12-08,188.9
2023-12-09,200.8
2023-12-10,180.8
2023-12-11,243.8
2023-12-12,259.6
2023-12-13,222.9
2023-12-14,223.1
2023-12-15,218.1
2023-12-16,195.6
2023-12-17,199.9
2023-12-18,226.8
2023-12-19,250.6
2023-12-20,217.6
2023-12-21,222.0
2023-12-22,178.3
2023-12-23,192.9
2023-12-24,193.0
2023-12-25,254.8
2023-12-26,230.9
2023-12-27,203.7
2023-12-28,237.3
2023-12-29,208.1
2023-12-30,160.8
2023-12-31,182.0
2024-01-01,207.0
2024-01-02,186.8
2024-01-03,227.1
2024-01-04,249.8
2024-01-05,168.4
2024-01-06,189.4
2024-01-07,167.1
2024-01-08,227.8
2024-01-09,222.0
2024-01-10,243.5
2024-01-11,221.3
2024-01-12,178.0
2024-01-13,180.1
2024-01-14,208.0
2024-01-15,222.2
2024-01-16,223.4
2024-01-17,208.2
2024-01-18,256.9
2024-01-19,210.8
2024-01-20,208.2
2024-01-21,219.9
2024-01-22,211.6
2024-01-23,223.7
2024-01-24,201.3
2024-01-25,225.8
2024-01-26,164.9
2024-01-27,190.4
2024-01-28,171.2
2024-01-29,203.5
2024-01-30,206.7
2024-01-31,232.1
2024-02-01,230.9
2024-02-02,205.8
2024-02-03,180.0
2024-02-04,160.9
2024-02-05,205.3
2024-02-06,225.5
2024-02-07,216.5
2024-02-08,198.5
2024-02-09,185.7
2024-02-10,216.3
2024-02-11,202.6
2024-02-12,224.2
2024-02-13,226.5
2024-02-14,244.1
2024-02-15,232.2
2024-02-16,207.7
2024-02-17,224.3
2024-02-18,190.0
2024-02-19,256.1
2024-02-20,223.7
2024-02-21,237.1
2024-02-22,256.4
2024-02-23,227.4
2024-02-24,192.0
2024-02-25,193.8
2024-02-26,242.2
2024-02-27,285.4
2024-02-28,215.8
2024-02-29,239.0
2024-03-01,209.1
2024-03-02,210.6
2024-03-03,262.3
2024-03-04,262.3
2024-03-05,250.3
2024-03-06,285.2
2024-03-07,263.8
2024-03-08,244.8
2024-03-09,228.1
2024-03-10,248.1
2024-03-11,274.8
2024-03-12,265.4
2024-03-13,297.8
2024-03-14,271.8
2024-03-15,239.1
2024-03-16,234.3
2024-03-17,235.5
2024-03-18,260.2
2024-03-19,265.8
2024-03-20,249.4
2024-03-21,273.1
2024-03-22,232.7
2024-03-23,228.0
2024-03-24,241.7
2024-03-25,265.3
2024-03-26,280.9
2024-03-27,284.1
2024-03-28,309.2
2024-03-29,232.5
2024-03-30,265.5
2024-04-01,306.9
2024-04-02,303.9
2024-04-03,319.1
2024-04-04,326.4
2024-04-05,310.3
2024-04-06,333.2
2024-04-07,300.7
2024-04-08,341.6
2024-04-09,294.1
2024-04-10,347.1
2024-04-11,317.3
2024-04-12,288.8
2024-04-13,322.9
2024-04-14,280.5
2024-04-15,328.5
2024-04-16,345.2
2024-04-17,337.5
2024-04-18,362.2
2024-04-19,298.0
2024-04-20,311.0
2024-04-21,303.5
2024-04-22,373.7
2024-04-23,345.9
2024-04-24,359.8
2024-04-25,351.3
2024-04-26,352.6
2024-04-27,320.3
2024-04-28,337.9
2024-04-29,387.7
2024-04-30,375.9
2024-05-01,380.6
2024-05-02,364.0
2024-05-03,303.9
2024-05-04,356.1
2024-05-05,322.3
2024-05-06,385.3
2024-05-07,357.3
2024-05-08,379.3
2024-05-09,379.4
2024-05-10,376.9
2024-05-11,357.8
2024-05-12,348.5
2024-05-13,412.4
2024-05-14,375.1
2024-05-15,403.4
2024-05-16,388.2
2024-05-17,368.3
2024-05-18,372.3
2024-05-19,392.8
2024-05-20,439.4
2024-05-21,447.1
2024-05-22,430.4
2024-05-23,417.4
2024-05-24,373.6
2024-05-25,383.1
2024-05-26,406.3
2024-05-27,408.7
2024-05-28,439.8
2024-05-29,435.9
2024-05-30,414.1
2024-05-31,388.3
2024-06-01,390.6
2024-06-02,389.5
2024-06-03,436.7
2024-06-04,408.1
2024-06-05,424.0
2024-06-06,450.8
2024-06-07,413.8
2024-06-08,393.2
2024-06-09,434.6
2024-06-10,448.6
2024-06-11,428.7
2024-06-12,414.0
2024-06-13,436.6
2024-06-14,415.5
2024-06-15,434.2
2024-06-16,420.9
2024-06-17,459.4
2024-06-18,437.0
2024-06-19,463.6
2024-06-20,462.2
2024-06-21,436.9
2024-06-22,411.0
2024-06-23,417.7
2024-06-24,473.1
2024-06-25,443.3
2024-06-26,464.3
2024-06-27,469.4
2024-06-28,432.9
2024-06-29,427.5
2024-06-30,415.1
2024-07-01,463.5
2024-07-02,468.5
2024-07-03,469.1
2024-07-04,462.3
2024-07-05,451.1
2024-07-06,429.0
2024-07-07,408.0
2024-07-08,464.7
2024-07-09,500.3
2024-07-10,478.2
2024-07-11,460.8
2024-07-12,427.8
2024-07-13,414.2
2024-07-14,444.5
2024-07-15,460.7
2024-07-16,458.8
2024-07-17,483.9
2024-07-18,502.0
2024-07-19,439.8
2024-07-20,449.6
2024-07-21,447.7
2024-07-22,430.5
2024-07-23,467.5
2024-07-24,468.8
2024-07-25,443.0
2024-07-26,433.2
2024-07-27,447.4
2024-07-28,450.7
2024-07-29,438.0
2024-07-30,499.6
2024-07-31,449.8
2024-08-01,455.5
2024-08-02,449.2
2024-08-03,430.0
2024-08-04,426.1
2024-08-05,455.8
2024-08-06,456.1
2024-08-07,455.8
2024-08-08,469.0
2024-08-09,416.3
2024-08-10,433.1
2024-08-11,427.2
2024-08-12,471.8
2024-08-13,438.5
2024-08-14,468.2
2024-08-15,463.7
2024-08-16,421.5
2024-08-17,417.3
2024-08-18,408.8
2024-08-19,450.6
2024-08-20,442.4
2024-08-21,418.1
2024-08-22,452.2
2024-08-23,420.0
2024-08-24,401.5
2024-08-25,410.2
2024-08-26,456.7
2024-08-27,454.8
2024-08-28,448.5
2024-08-29,418.5
2024-08-30,394.3
2024-08-31,407.5
2024-09-01,393.5
2024-09-02,432.3
2024-09-03,473.4
2024-09-04,415.5
2024-09-05,413.6
2024-09-06,381.4
2024-09-07,396.9
2024-09-08,354.8
2024-09-09,421.6
2024-09-10,428.8
2024-09-11,423.1
2024-09-12,444.1
2024-09-13,388.8
2024-09-14,411.1
2024-09-15,379.2
2024-09-16,457.9
2024-09-17,400.4
2024-09-18,415.7
2024-09-19,415.1
2024-09-20,367.9
2024-09-21,401.9
2024-09-22,351.3
2024-09-23,408.7
2024-09-24,418.9
2024-09-25,377.2
2024-09-26,404.9
2024-09-27,328.6
2024-09-28,352.9
2024-09-29,352.5
2024-09-30,363.5
2024-10-01,402.6
2024-10-02,427.7
2024-10-03,380.2
2024-10-04,341.9
2024-10-05,348.9
2024-10-06,333.3
2024-10-07,379.9
2024-10-08,356.8
2024-10-09,336.1
2024-10-10,346.3
2024-10-11,331.5
2024-10-12,326.3
2024-10-13,338.1
2024-10-14,340.1
2024-10-15,374.7
2024-10-16,357.3
2024-10-17,380.1
2024-10-18,317.9
2024-10-19,308.6
2024-10-20,280.1
2024-10-21,339.4
2024-10-22,329.6
2024-10-23,331.9
2024-10-24,327.8
2024-10-25,306.2
2024-10-26,273.3
2024-10-27,315.2
2024-10-28,336.4
2024-10-29,344.4
2024-10-30,321.2
2024-10-31,297.6
2024-11-01,314.0
2024-11-02,283.9
2024-11-03,267.2
2024-11-04,291.1
2024-11-05,334.3
2024-11-06,330.7
2024-11-07,330.9
2024-11-08,260.5
2024-11-09,271.1
2024-11-10,302.8
2024-11-11,318.8
2024-11-12,324.0
2024-11-13,295.0
2024-11-14,310.9
2024-11-15,239.3
2024-11-16,281.9
2024-11-17,231.1
2024-11-18,282.4
2024-11-19,302.7
2024-11-20,283.8
2024-11-21,283.6
2024-11-22,253.0
2024-11-23,256.4
2024-11-24,278.8
2024-11-25,285.4
2024-11-26,274.9
2024-11-27,308.0
2024-11-28,300.2
2024-11-29,235.6
2024-11-30,236.7
2024-12-01,302.4
2024-12-02,297.4
2024-12-03,282.6
2024-12-04,254.6
2024-12-05,267.3
2024-12-06,203.2
2024-12-07,201.0
2024-12-08,230.5
2024-12-09,268.2
2024-12-10,229.9
2024-12-11,283.2
2024-12-12,261.1
2024-12-13,190.3
2024-12-14,223.2
2024-12-15,218.4
2024-12-16,268.6
2024-12-17,279.4
2024-12-18,274.6
2024-12-19,243.0
2024-12-20,225.2
2024-12-21,239.0
2024-12-22,216.8
2024-12-23,241.5
2024-12-24,221.6
2024-12-25,268.0
2024-12-26,244.7
2024-12-27,217.8
2024-12-28,217.2
2024-12-29,230.5
2024-12-30,265.5
